job_description,cv_text,label
"We are hiring a Cybersecurity Analyst with experience in Penetration Testing, Network Security, Encryption.","Certified specialist in Penetration Testing, Network Security, Encryption. Looking forward to applying this knowledge in a dynamic environment.",1
"We are hiring a Data Scientist with experience in Machine Learning, Statistics, Python.","Experienced professional skilled in Machine Learning, Statistics, Python. Looking forward to applying this knowledge in a dynamic environment.",1
"We are hiring a Data Scientist with experience in Scikit-learn, Python, Pandas.","Certified specialist in Scikit-learn, Python, Pandas. Looking forward to applying this knowledge in a dynamic environment.",1
"We are hiring a Software Engineer with experience in Algorithms, Data Structures, System Design.","Certified specialist in Algorithms, Data Structures, System Design. Looking forward to applying this knowledge in a dynamic environment.",1
"We are hiring a AI Engineer with experience in TensorFlow, PyTorch, Computer Vision.","Technical expert with a background in TensorFlow, PyTorch, Computer Vision. Looking forward to applying this knowledge in a dynamic environment.",1
"We are hiring a Digital Marketer with experience in Content Writing, Google Ads, SEO.","Technical expert with a background in Content Writing, Google Ads, SEO. Looking forward to applying this knowledge in a dynamic environment.",1
"We are hiring a DevOps Engineer with experience in CI/CD, Docker, Kubernetes.","Technical expert with a background in CI/CD, Docker, Kubernetes. Looking forward to applying this knowledge in a dynamic environment.",1
"We are hiring a Project Manager with experience in Scrum, Agile, Planning.","Experienced professional skilled in Scrum, Agile, Planning. Looking forward to applying this knowledge in a dynamic environment.",1
"We are hiring a DevOps Engineer with experience in CI/CD, Linux, Docker.","Technical expert with a background in CI/CD, Linux, Docker. Looking forward to applying this knowledge in a dynamic environment.",1
"We are hiring a Digital Marketer with experience in Email Marketing, Analytics, Content Writing.","Technical expert with a background in Email Marketing, Analytics, Content Writing. Looking forward to applying this knowledge in a dynamic environment.",1
"We are hiring a Digital Marketer with experience in Google Ads, Analytics, Content Writing.","Experienced professional skilled in Google Ads, Analytics, Content Writing. Looking forward to applying this knowledge in a dynamic environment.",1
"We are hiring a Data Scientist with experience in Python, Pandas, Machine Learning.","Recent graduate familiar with Python, Pandas, Machine Learning. Looking forward to applying this knowledge in a dynamic environment.",1
"We are hiring a Digital Marketer with experience in Content Writing, Google Ads, Analytics.","Certified specialist in Content Writing, Google Ads, Analytics. Looking forward to applying this knowledge in a dynamic environment.",1
"We are hiring a Web Developer with experience in CSS, JavaScript, Node.js.","Technical expert with a background in CSS, JavaScript, Node.js. Looking forward to applying this knowledge in a dynamic environment.",1
"We are hiring a Digital Marketer with experience in Analytics, Google Ads, Content Writing.","Experienced professional skilled in Analytics, Google Ads, Content Writing. Looking forward to applying this knowledge in a dynamic environment.",1
"We are hiring a AI Engineer with experience in NLP, Deep Learning, Computer Vision.","Recent graduate familiar with NLP, Deep Learning, Computer Vision. Looking forward to applying this knowledge in a dynamic environment.",1
"We are hiring a Cybersecurity Analyst with experience in Encryption, SIEM, Network Security.","Certified specialist in Encryption, SIEM, Network Security. Looking forward to applying this knowledge in a dynamic environment.",1
"We are hiring a Data Scientist with experience in Machine Learning, Scikit-learn, Statistics.","Certified specialist in Machine Learning, Scikit-learn, Statistics. Looking forward to applying this knowledge in a dynamic environment.",1
"We are hiring a Web Developer with experience in JavaScript, HTML, CSS.","Certified specialist in JavaScript, HTML, CSS. Looking forward to applying this knowledge in a dynamic environment.",1
"We are hiring a Data Scientist with experience in Scikit-learn, Statistics, Machine Learning.","Technical expert with a background in Scikit-learn, Statistics, Machine Learning. Looking forward to applying this knowledge in a dynamic environment.",1
"We are hiring a Software Engineer with experience in C++, System Design, Data Structures.","Certified specialist in C++, System Design, Data Structures. Looking forward to applying this knowledge in a dynamic environment.",1
"We are hiring a Business Analyst with experience in Data Analysis, Business Strategy, Excel.","Experienced professional skilled in Data Analysis, Business Strategy, Excel. Looking forward to applying this knowledge in a dynamic environment.",1
"We are hiring a Digital Marketer with experience in SEO, Email Marketing, Google Ads.","Experienced professional skilled in SEO, Email Marketing, Google Ads. Looking forward to applying this knowledge in a dynamic environment.",1
"We are hiring a Cybersecurity Analyst with experience in Firewalls, Encryption, Penetration Testing.","Technical expert with a background in Firewalls, Encryption, Penetration Testing. Looking forward to applying this knowledge in a dynamic environment.",1
"We are hiring a Data Scientist with experience in Pandas, Python, Machine Learning.","Experienced professional skilled in Pandas, Python, Machine Learning. Looking forward to applying this knowledge in a dynamic environment.",1
"We are hiring a Mobile App Developer with experience in Flutter, Kotlin, Swift.","Technical expert with a background in Flutter, Kotlin, Swift. Looking forward to applying this knowledge in a dynamic environment.",1
"We are hiring a Web Developer with experience in CSS, JavaScript, React.","Technical expert with a background in CSS, JavaScript, React. Looking forward to applying this knowledge in a dynamic environment.",1
"We are hiring a DevOps Engineer with experience in CI/CD, Docker, Linux.","Recent graduate familiar with CI/CD, Docker, Linux. Looking forward to applying this knowledge in a dynamic environment.",1
"We are hiring a Cybersecurity Analyst with experience in SIEM, Encryption, Penetration Testing.","Certified specialist in SIEM, Encryption, Penetration Testing. Looking forward to applying this knowledge in a dynamic environment.",1
"We are hiring a Project Manager with experience in Scrum, Leadership, Planning.","Technical expert with a background in Scrum, Leadership, Planning. Looking forward to applying this knowledge in a dynamic environment.",1
"We are hiring a Business Analyst with experience in Excel, Business Strategy, SQL.","Certified specialist in Excel, Business Strategy, SQL. Looking forward to applying this knowledge in a dynamic environment.",1
"We are hiring a AI Engineer with experience in TensorFlow, NLP, Computer Vision.","Certified specialist in TensorFlow, NLP, Computer Vision. Looking forward to applying this knowledge in a dynamic environment.",1
"We are hiring a Mobile App Developer with experience in Flutter, Java, Swift.","Experienced professional skilled in Flutter, Java, Swift. Looking forward to applying this knowledge in a dynamic environment.",1
"We are hiring a Cybersecurity Analyst with experience in Encryption, Penetration Testing, SIEM.","Recent graduate familiar with Encryption, Penetration Testing, SIEM. Looking forward to applying this knowledge in a dynamic environment.",1
"We are hiring a Digital Marketer with experience in Content Writing, Google Ads, Analytics.","Technical expert with a background in Content Writing, Google Ads, Analytics. Looking forward to applying this knowledge in a dynamic environment.",1
"We are hiring a Data Scientist with experience in Python, Statistics, Pandas.","Technical expert with a background in Python, Statistics, Pandas. Looking forward to applying this knowledge in a dynamic environment.",1
"We are hiring a Project Manager with experience in Agile, Communication, Leadership.","Recent graduate familiar with Agile, Communication, Leadership. Looking forward to applying this knowledge in a dynamic environment.",1
"We are hiring a DevOps Engineer with experience in Linux, Kubernetes, Docker.","Certified specialist in Linux, Kubernetes, Docker. Looking forward to applying this knowledge in a dynamic environment.",1
"We are hiring a Software Engineer with experience in C++, Algorithms, Java.","Experienced professional skilled in C++, Algorithms, Java. Looking forward to applying this knowledge in a dynamic environment.",1
"We are hiring a DevOps Engineer with experience in Docker, CI/CD, Linux.","Experienced professional skilled in Docker, CI/CD, Linux. Looking forward to applying this knowledge in a dynamic environment.",1
"We are hiring a Mobile App Developer with experience in Swift, Java, Flutter.","Experienced professional skilled in Swift, Java, Flutter. Looking forward to applying this knowledge in a dynamic environment.",1
"We are hiring a Data Scientist with experience in Python, Machine Learning, Scikit-learn.","Experienced professional skilled in Python, Machine Learning, Scikit-learn. Looking forward to applying this knowledge in a dynamic environment.",1
"We are hiring a Business Analyst with experience in Business Strategy, SQL, Data Analysis.","Certified specialist in Business Strategy, SQL, Data Analysis. Looking forward to applying this knowledge in a dynamic environment.",1
"We are hiring a AI Engineer with experience in NLP, TensorFlow, Deep Learning.","Technical expert with a background in NLP, TensorFlow, Deep Learning. Looking forward to applying this knowledge in a dynamic environment.",1
"We are hiring a Cybersecurity Analyst with experience in Firewalls, Penetration Testing, Network Security.","Technical expert with a background in Firewalls, Penetration Testing, Network Security. Looking forward to applying this knowledge in a dynamic environment.",1
"We are hiring a Mobile App Developer with experience in Kotlin, Android, Flutter.","Technical expert with a background in Kotlin, Android, Flutter. Looking forward to applying this knowledge in a dynamic environment.",1
"We are hiring a Software Engineer with experience in C++, Data Structures, Java.","Experienced professional skilled in C++, Data Structures, Java. Looking forward to applying this knowledge in a dynamic environment.",1
"We are hiring a Data Scientist with experience in Scikit-learn, Pandas, Python.","Recent graduate familiar with Scikit-learn, Pandas, Python. Looking forward to applying this knowledge in a dynamic environment.",1
"We are hiring a AI Engineer with experience in NLP, Computer Vision, TensorFlow.","Technical expert with a background in NLP, Computer Vision, TensorFlow. Looking forward to applying this knowledge in a dynamic environment.",1
"We are hiring a Cybersecurity Analyst with experience in Encryption, Penetration Testing, SIEM.","Certified specialist in Encryption, Penetration Testing, SIEM. Looking forward to applying this knowledge in a dynamic environment.",1
"We are hiring a Digital Marketer with experience in Email Marketing, Analytics, SEO.","Technical expert with a background in Email Marketing, Analytics, SEO. Looking forward to applying this knowledge in a dynamic environment.",1
"We are hiring a AI Engineer with experience in Computer Vision, PyTorch, Deep Learning.","Certified specialist in Computer Vision, PyTorch, Deep Learning. Looking forward to applying this knowledge in a dynamic environment.",1
"We are hiring a AI Engineer with experience in Deep Learning, TensorFlow, NLP.","Technical expert with a background in Deep Learning, TensorFlow, NLP. Looking forward to applying this knowledge in a dynamic environment.",1
"We are hiring a Mobile App Developer with experience in Kotlin, Android, Flutter.","Technical expert with a background in Kotlin, Android, Flutter. Looking forward to applying this knowledge in a dynamic environment.",1
"We are hiring a Mobile App Developer with experience in Swift, Android, Java.","Technical expert with a background in Swift, Android, Java. Looking forward to applying this knowledge in a dynamic environment.",1
"We are hiring a Data Scientist with experience in Pandas, Statistics, Machine Learning.","Experienced professional skilled in Pandas, Statistics, Machine Learning. Looking forward to applying this knowledge in a dynamic environment.",1
"We are hiring a Mobile App Developer with experience in Swift, Android, Java.","Technical expert with a background in Swift, Android, Java. Looking forward to applying this knowledge in a dynamic environment.",1
"We are hiring a Web Developer with experience in HTML, Node.js, React.","Recent graduate familiar with HTML, Node.js, React. Looking forward to applying this knowledge in a dynamic environment.",1
"We are hiring a Cybersecurity Analyst with experience in Penetration Testing, Encryption, Firewalls.","Recent graduate familiar with Penetration Testing, Encryption, Firewalls. Looking forward to applying this knowledge in a dynamic environment.",1
"We are hiring a Data Scientist with experience in Machine Learning, Python, Statistics.","Technical expert with a background in Machine Learning, Python, Statistics. Looking forward to applying this knowledge in a dynamic environment.",1
"We are hiring a Business Analyst with experience in Data Analysis, Excel, Business Strategy.","Recent graduate familiar with Data Analysis, Excel, Business Strategy. Looking forward to applying this knowledge in a dynamic environment.",1
"We are hiring a Mobile App Developer with experience in Kotlin, Swift, Flutter.","Recent graduate familiar with Kotlin, Swift, Flutter. Looking forward to applying this knowledge in a dynamic environment.",1
"We are hiring a Data Scientist with experience in Scikit-learn, Machine Learning, Python.","Recent graduate familiar with Scikit-learn, Machine Learning, Python. Looking forward to applying this knowledge in a dynamic environment.",1
"We are hiring a Cybersecurity Analyst with experience in SIEM, Network Security, Firewalls.","Experienced professional skilled in SIEM, Network Security, Firewalls. Looking forward to applying this knowledge in a dynamic environment.",1
"We are hiring a Project Manager with experience in Leadership, Scrum, Agile.","Certified specialist in Leadership, Scrum, Agile. Looking forward to applying this knowledge in a dynamic environment.",1
"We are hiring a Cybersecurity Analyst with experience in Penetration Testing, SIEM, Network Security.","Technical expert with a background in Penetration Testing, SIEM, Network Security. Looking forward to applying this knowledge in a dynamic environment.",1
"We are hiring a Business Analyst with experience in Excel, Data Analysis, Power BI.","Experienced professional skilled in Excel, Data Analysis, Power BI. Looking forward to applying this knowledge in a dynamic environment.",1
"We are hiring a Project Manager with experience in Communication, Planning, Agile.","Certified specialist in Communication, Planning, Agile. Looking forward to applying this knowledge in a dynamic environment.",1
"We are hiring a Project Manager with experience in Communication, Agile, Leadership.","Technical expert with a background in Communication, Agile, Leadership. Looking forward to applying this knowledge in a dynamic environment.",1
"We are hiring a Cybersecurity Analyst with experience in SIEM, Network Security, Encryption.","Experienced professional skilled in SIEM, Network Security, Encryption. Looking forward to applying this knowledge in a dynamic environment.",1
"We are hiring a Project Manager with experience in Planning, Agile, Leadership.","Experienced professional skilled in Planning, Agile, Leadership. Looking forward to applying this knowledge in a dynamic environment.",1
"We are hiring a Business Analyst with experience in Business Strategy, Excel, SQL.","Recent graduate familiar with Business Strategy, Excel, SQL. Looking forward to applying this knowledge in a dynamic environment.",1
"We are hiring a Software Engineer with experience in System Design, C++, Algorithms.","Experienced professional skilled in System Design, C++, Algorithms. Looking forward to applying this knowledge in a dynamic environment.",1
"We are hiring a Web Developer with experience in CSS, Node.js, HTML.","Certified specialist in CSS, Node.js, HTML. Looking forward to applying this knowledge in a dynamic environment.",1
"We are hiring a DevOps Engineer with experience in Docker, CI/CD, AWS.","Recent graduate familiar with Docker, CI/CD, AWS. Looking forward to applying this knowledge in a dynamic environment.",1
"We are hiring a AI Engineer with experience in NLP, Deep Learning, TensorFlow.","Technical expert with a background in NLP, Deep Learning, TensorFlow. Looking forward to applying this knowledge in a dynamic environment.",1
"We are hiring a Cybersecurity Analyst with experience in SIEM, Network Security, Encryption.","Technical expert with a background in SIEM, Network Security, Encryption. Looking forward to applying this knowledge in a dynamic environment.",1
"We are hiring a Data Scientist with experience in Python, Scikit-learn, Pandas.","Experienced professional skilled in Python, Scikit-learn, Pandas. Looking forward to applying this knowledge in a dynamic environment.",1
"We are hiring a AI Engineer with experience in PyTorch, NLP, TensorFlow.","Experienced professional skilled in PyTorch, NLP, TensorFlow. Looking forward to applying this knowledge in a dynamic environment.",1
"We are hiring a AI Engineer with experience in NLP, TensorFlow, PyTorch.","Experienced professional skilled in NLP, TensorFlow, PyTorch. Looking forward to applying this knowledge in a dynamic environment.",1
"We are hiring a Software Engineer with experience in Data Structures, Algorithms, C++.","Technical expert with a background in Data Structures, Algorithms, C++. Looking forward to applying this knowledge in a dynamic environment.",1
"We are hiring a Web Developer with experience in Node.js, React, JavaScript.","Recent graduate familiar with Node.js, React, JavaScript. Looking forward to applying this knowledge in a dynamic environment.",1
"We are hiring a Project Manager with experience in Communication, Scrum, Planning.","Certified specialist in Communication, Scrum, Planning. Looking forward to applying this knowledge in a dynamic environment.",1
"We are hiring a Project Manager with experience in Planning, Scrum, Agile.","Technical expert with a background in Planning, Scrum, Agile. Looking forward to applying this knowledge in a dynamic environment.",1
"We are hiring a Business Analyst with experience in SQL, Business Strategy, Data Analysis.","Experienced professional skilled in SQL, Business Strategy, Data Analysis. Looking forward to applying this knowledge in a dynamic environment.",1
"We are hiring a DevOps Engineer with experience in CI/CD, Docker, Kubernetes.","Certified specialist in CI/CD, Docker, Kubernetes. Looking forward to applying this knowledge in a dynamic environment.",1
"We are hiring a Web Developer with experience in Node.js, CSS, HTML.","Recent graduate familiar with Node.js, CSS, HTML. Looking forward to applying this knowledge in a dynamic environment.",1
"We are hiring a Software Engineer with experience in C++, System Design, Algorithms.","Experienced professional skilled in C++, System Design, Algorithms. Looking forward to applying this knowledge in a dynamic environment.",1
"We are hiring a Mobile App Developer with experience in Kotlin, Flutter, Android.","Experienced professional skilled in Kotlin, Flutter, Android. Looking forward to applying this knowledge in a dynamic environment.",1
"We are hiring a Project Manager with experience in Leadership, Planning, Communication.","Certified specialist in Leadership, Planning, Communication. Looking forward to applying this knowledge in a dynamic environment.",1
"We are hiring a DevOps Engineer with experience in CI/CD, Linux, Kubernetes.","Recent graduate familiar with CI/CD, Linux, Kubernetes. Looking forward to applying this knowledge in a dynamic environment.",1
"We are hiring a Data Scientist with experience in Pandas, Scikit-learn, Python.","Recent graduate familiar with Pandas, Scikit-learn, Python. Looking forward to applying this knowledge in a dynamic environment.",1
"We are hiring a DevOps Engineer with experience in AWS, Docker, Linux.","Recent graduate familiar with AWS, Docker, Linux. Looking forward to applying this knowledge in a dynamic environment.",1
"We are hiring a Software Engineer with experience in C++, Algorithms, System Design.","Certified specialist in C++, Algorithms, System Design. Looking forward to applying this knowledge in a dynamic environment.",1
"We are hiring a Cybersecurity Analyst with experience in Penetration Testing, Firewalls, Encryption.","Certified specialist in Penetration Testing, Firewalls, Encryption. Looking forward to applying this knowledge in a dynamic environment.",1
"We are hiring a DevOps Engineer with experience in AWS, Docker, CI/CD.","Recent graduate familiar with AWS, Docker, CI/CD. Looking forward to applying this knowledge in a dynamic environment.",1
"We are hiring a AI Engineer with experience in PyTorch, NLP, Deep Learning.","Experienced professional skilled in PyTorch, NLP, Deep Learning. Looking forward to applying this knowledge in a dynamic environment.",1
"We are hiring a AI Engineer with experience in TensorFlow, Deep Learning, NLP.","Technical expert with a background in TensorFlow, Deep Learning, NLP. Looking forward to applying this knowledge in a dynamic environment.",1
"We are hiring a Software Engineer with experience in Java, C++, Algorithms.","Certified specialist in Java, C++, Algorithms. Looking forward to applying this knowledge in a dynamic environment.",1
"We are hiring a Software Engineer with experience in Algorithms, Java, Data Structures.","Technical expert with a background in Algorithms, Java, Data Structures. Looking forward to applying this knowledge in a dynamic environment.",1
"We are hiring a AI Engineer with experience in TensorFlow, Computer Vision, NLP.","Experienced professional skilled in TensorFlow, Computer Vision, NLP. Looking forward to applying this knowledge in a dynamic environment.",1
"We are hiring a Software Engineer with experience in System Design, C++, Java.","Technical expert with a background in System Design, C++, Java. Looking forward to applying this knowledge in a dynamic environment.",1
"We are hiring a Digital Marketer with experience in Google Ads, Content Writing, Email Marketing.","Recent graduate familiar with Google Ads, Content Writing, Email Marketing. Looking forward to applying this knowledge in a dynamic environment.",1
"We are hiring a Data Scientist with experience in Statistics, Machine Learning, Scikit-learn.","Technical expert with a background in Statistics, Machine Learning, Scikit-learn. Looking forward to applying this knowledge in a dynamic environment.",1
"We are hiring a Project Manager with experience in Leadership, Scrum, Communication.","Certified specialist in Leadership, Scrum, Communication. Looking forward to applying this knowledge in a dynamic environment.",1
"We are hiring a Cybersecurity Analyst with experience in SIEM, Encryption, Network Security.","Recent graduate familiar with SIEM, Encryption, Network Security. Looking forward to applying this knowledge in a dynamic environment.",1
"We are hiring a DevOps Engineer with experience in Docker, CI/CD, Linux.","Experienced professional skilled in Docker, CI/CD, Linux. Looking forward to applying this knowledge in a dynamic environment.",1
"We are hiring a Web Developer with experience in CSS, HTML, JavaScript.","Experienced professional skilled in CSS, HTML, JavaScript. Looking forward to applying this knowledge in a dynamic environment.",1
"We are hiring a AI Engineer with experience in Computer Vision, NLP, TensorFlow.","Recent graduate familiar with Computer Vision, NLP, TensorFlow. Looking forward to applying this knowledge in a dynamic environment.",1
"We are hiring a Software Engineer with experience in Java, System Design, Algorithms.","Recent graduate familiar with Java, System Design, Algorithms. Looking forward to applying this knowledge in a dynamic environment.",1
"We are hiring a Data Scientist with experience in Scikit-learn, Statistics, Machine Learning.","Certified specialist in Scikit-learn, Statistics, Machine Learning. Looking forward to applying this knowledge in a dynamic environment.",1
"We are hiring a Data Scientist with experience in Machine Learning, Scikit-learn, Pandas.","Experienced professional skilled in Machine Learning, Scikit-learn, Pandas. Looking forward to applying this knowledge in a dynamic environment.",1
"We are hiring a DevOps Engineer with experience in Linux, Docker, Kubernetes.","Technical expert with a background in Linux, Docker, Kubernetes. Looking forward to applying this knowledge in a dynamic environment.",1
"We are hiring a Mobile App Developer with experience in Kotlin, Android, Java.","Technical expert with a background in Kotlin, Android, Java. Looking forward to applying this knowledge in a dynamic environment.",1
"We are hiring a Mobile App Developer with experience in Kotlin, Swift, Android.","Recent graduate familiar with Kotlin, Swift, Android. Looking forward to applying this knowledge in a dynamic environment.",1
"We are hiring a Software Engineer with experience in System Design, C++, Java.","Certified specialist in System Design, C++, Java. Looking forward to applying this knowledge in a dynamic environment.",1
"We are hiring a Digital Marketer with experience in Analytics, Google Ads, Content Writing.","Technical expert with a background in Analytics, Google Ads, Content Writing. Looking forward to applying this knowledge in a dynamic environment.",1
"We are hiring a Web Developer with experience in JavaScript, HTML, Node.js.","Recent graduate familiar with JavaScript, HTML, Node.js. Looking forward to applying this knowledge in a dynamic environment.",1
"We are hiring a Software Engineer with experience in Data Structures, C++, System Design.","Experienced professional skilled in Data Structures, C++, System Design. Looking forward to applying this knowledge in a dynamic environment.",1
"We are hiring a Mobile App Developer with experience in Swift, Android, Java.","Technical expert with a background in Swift, Android, Java. Looking forward to applying this knowledge in a dynamic environment.",1
"We are hiring a Web Developer with experience in Node.js, HTML, JavaScript.","Technical expert with a background in Node.js, HTML, JavaScript. Looking forward to applying this knowledge in a dynamic environment.",1
"We are hiring a DevOps Engineer with experience in Docker, AWS, Kubernetes.","Certified specialist in Docker, AWS, Kubernetes. Looking forward to applying this knowledge in a dynamic environment.",1
"We are hiring a AI Engineer with experience in Computer Vision, TensorFlow, Deep Learning.","Technical expert with a background in Computer Vision, TensorFlow, Deep Learning. Looking forward to applying this knowledge in a dynamic environment.",1
"We are hiring a Business Analyst with experience in Business Strategy, Data Analysis, Power BI.","Certified specialist in Business Strategy, Data Analysis, Power BI. Looking forward to applying this knowledge in a dynamic environment.",1
"We are hiring a Digital Marketer with experience in Google Ads, Analytics, Email Marketing.","Recent graduate familiar with Google Ads, Analytics, Email Marketing. Looking forward to applying this knowledge in a dynamic environment.",1
"We are hiring a Mobile App Developer with experience in Swift, Flutter, Kotlin.","Experienced professional skilled in Swift, Flutter, Kotlin. Looking forward to applying this knowledge in a dynamic environment.",1
"We are hiring a Business Analyst with experience in Business Strategy, SQL, Power BI.","Certified specialist in Business Strategy, SQL, Power BI. Looking forward to applying this knowledge in a dynamic environment.",1
"We are hiring a Business Analyst with experience in Business Strategy, Excel, SQL.","Certified specialist in Business Strategy, Excel, SQL. Looking forward to applying this knowledge in a dynamic environment.",1
"We are hiring a Business Analyst with experience in Business Strategy, Power BI, Data Analysis.","Recent graduate familiar with Business Strategy, Power BI, Data Analysis. Looking forward to applying this knowledge in a dynamic environment.",1
"We are hiring a Software Engineer with experience in Data Structures, C++, Algorithms.","Technical expert with a background in Data Structures, C++, Algorithms. Looking forward to applying this knowledge in a dynamic environment.",1
"We are hiring a Cybersecurity Analyst with experience in Network Security, SIEM, Firewalls.","Experienced professional skilled in Network Security, SIEM, Firewalls. Looking forward to applying this knowledge in a dynamic environment.",1
"We are hiring a AI Engineer with experience in TensorFlow, Deep Learning, PyTorch.","Certified specialist in TensorFlow, Deep Learning, PyTorch. Looking forward to applying this knowledge in a dynamic environment.",1
"We are hiring a Project Manager with experience in Planning, Communication, Scrum.","Technical expert with a background in Planning, Communication, Scrum. Looking forward to applying this knowledge in a dynamic environment.",1
"We are hiring a AI Engineer with experience in Deep Learning, PyTorch, NLP.","Technical expert with a background in Deep Learning, PyTorch, NLP. Looking forward to applying this knowledge in a dynamic environment.",1
"We are hiring a Cybersecurity Analyst with experience in Penetration Testing, Firewalls, Network Security.","Experienced professional skilled in Penetration Testing, Firewalls, Network Security. Looking forward to applying this knowledge in a dynamic environment.",1
"We are hiring a Business Analyst with experience in Power BI, Data Analysis, Excel.","Certified specialist in Power BI, Data Analysis, Excel. Looking forward to applying this knowledge in a dynamic environment.",1
"We are hiring a Cybersecurity Analyst with experience in Penetration Testing, Firewalls, SIEM.","Certified specialist in Penetration Testing, Firewalls, SIEM. Looking forward to applying this knowledge in a dynamic environment.",1
"We are hiring a Mobile App Developer with experience in Kotlin, Swift, Android.","Recent graduate familiar with Kotlin, Swift, Android. Looking forward to applying this knowledge in a dynamic environment.",1
"We are hiring a Cybersecurity Analyst with experience in Encryption, Network Security, Firewalls.","Technical expert with a background in Encryption, Network Security, Firewalls. Looking forward to applying this knowledge in a dynamic environment.",1
"We are hiring a AI Engineer with experience in NLP, PyTorch, Deep Learning.","Recent graduate familiar with NLP, PyTorch, Deep Learning. Looking forward to applying this knowledge in a dynamic environment.",1
"We are hiring a Web Developer with experience in React, Node.js, CSS.","Certified specialist in React, Node.js, CSS. Looking forward to applying this knowledge in a dynamic environment.",1
"We are hiring a Web Developer with experience in Node.js, React, JavaScript.","Experienced professional skilled in Node.js, React, JavaScript. Looking forward to applying this knowledge in a dynamic environment.",1
"We are hiring a Cybersecurity Analyst with experience in Firewalls, Encryption, Penetration Testing.","Experienced professional skilled in Firewalls, Encryption, Penetration Testing. Looking forward to applying this knowledge in a dynamic environment.",1
"We are hiring a Web Developer with experience in CSS, Node.js, HTML.","Recent graduate familiar with CSS, Node.js, HTML. Looking forward to applying this knowledge in a dynamic environment.",1
"We are hiring a Data Scientist with experience in Machine Learning, Pandas, Python.","Recent graduate familiar with Machine Learning, Pandas, Python. Looking forward to applying this knowledge in a dynamic environment.",1
"We are hiring a Project Manager with experience in Communication, Scrum, Leadership.","Technical expert with a background in Communication, Scrum, Leadership. Looking forward to applying this knowledge in a dynamic environment.",1
"We are hiring a AI Engineer with experience in NLP, PyTorch, TensorFlow.","Certified specialist in NLP, PyTorch, TensorFlow. Looking forward to applying this knowledge in a dynamic environment.",1
"We are hiring a AI Engineer with experience in PyTorch, NLP, Deep Learning.","Experienced professional skilled in PyTorch, NLP, Deep Learning. Looking forward to applying this knowledge in a dynamic environment.",1
"We are hiring a Data Scientist with experience in Statistics, Python, Pandas.","Recent graduate familiar with Statistics, Python, Pandas. Looking forward to applying this knowledge in a dynamic environment.",1
"We are hiring a Business Analyst with experience in Data Analysis, Excel, Business Strategy.","Certified specialist in Data Analysis, Excel, Business Strategy. Looking forward to applying this knowledge in a dynamic environment.",1
"We are hiring a Cybersecurity Analyst with experience in Firewalls, Encryption, SIEM.","Recent graduate familiar with Firewalls, Encryption, SIEM. Looking forward to applying this knowledge in a dynamic environment.",1
"We are hiring a DevOps Engineer with experience in Kubernetes, CI/CD, Linux.","Certified specialist in Kubernetes, CI/CD, Linux. Looking forward to applying this knowledge in a dynamic environment.",1
"We are hiring a Digital Marketer with experience in SEO, Analytics, Email Marketing.","Recent graduate familiar with SEO, Analytics, Email Marketing. Looking forward to applying this knowledge in a dynamic environment.",1
"We are hiring a Mobile App Developer with experience in Android, Java, Swift.","Technical expert with a background in Android, Java, Swift. Looking forward to applying this knowledge in a dynamic environment.",1
"We are hiring a Business Analyst with experience in Data Analysis, Power BI, SQL.","Experienced professional skilled in Data Analysis, Power BI, SQL. Looking forward to applying this knowledge in a dynamic environment.",1
"We are hiring a Project Manager with experience in Communication, Leadership, Agile.","Certified specialist in Communication, Leadership, Agile. Looking forward to applying this knowledge in a dynamic environment.",1
"We are hiring a Data Scientist with experience in Scikit-learn, Machine Learning, Python.","Recent graduate familiar with Scikit-learn, Machine Learning, Python. Looking forward to applying this knowledge in a dynamic environment.",1
"We are hiring a Software Engineer with experience in Data Structures, System Design, Java.","Experienced professional skilled in Data Structures, System Design, Java. Looking forward to applying this knowledge in a dynamic environment.",1
"We are hiring a Cybersecurity Analyst with experience in Network Security, SIEM, Encryption.","Technical expert with a background in Network Security, SIEM, Encryption. Looking forward to applying this knowledge in a dynamic environment.",1
"We are hiring a Digital Marketer with experience in Analytics, SEO, Google Ads.","Recent graduate familiar with Analytics, SEO, Google Ads. Looking forward to applying this knowledge in a dynamic environment.",1
"We are hiring a AI Engineer with experience in NLP, TensorFlow, Deep Learning.","Certified specialist in NLP, TensorFlow, Deep Learning. Looking forward to applying this knowledge in a dynamic environment.",1
"We are hiring a Software Engineer with experience in Data Structures, System Design, C++.","Technical expert with a background in Data Structures, System Design, C++. Looking forward to applying this knowledge in a dynamic environment.",1
"We are hiring a DevOps Engineer with experience in Linux, CI/CD, AWS.","Experienced professional skilled in Linux, CI/CD, AWS. Looking forward to applying this knowledge in a dynamic environment.",1
"We are hiring a AI Engineer with experience in NLP, PyTorch, TensorFlow.","Experienced professional skilled in NLP, PyTorch, TensorFlow. Looking forward to applying this knowledge in a dynamic environment.",1
"We are hiring a Software Engineer with experience in Algorithms, Java, Data Structures.","Experienced professional skilled in Algorithms, Java, Data Structures. Looking forward to applying this knowledge in a dynamic environment.",1
"We are hiring a Software Engineer with experience in System Design, Algorithms, C++.","Certified specialist in System Design, Algorithms, C++. Looking forward to applying this knowledge in a dynamic environment.",1
"We are hiring a AI Engineer with experience in Deep Learning, NLP, TensorFlow.","Recent graduate familiar with Deep Learning, NLP, TensorFlow. Looking forward to applying this knowledge in a dynamic environment.",1
"We are hiring a AI Engineer with experience in Deep Learning, Computer Vision, NLP.","Recent graduate familiar with Deep Learning, Computer Vision, NLP. Looking forward to applying this knowledge in a dynamic environment.",1
"We are hiring a Software Engineer with experience in Data Structures, Algorithms, C++.","Recent graduate familiar with Data Structures, Algorithms, C++. Looking forward to applying this knowledge in a dynamic environment.",1
"We are hiring a DevOps Engineer with experience in CI/CD, AWS, Linux.","Experienced professional skilled in CI/CD, AWS, Linux. Looking forward to applying this knowledge in a dynamic environment.",1
"We are hiring a DevOps Engineer with experience in Docker, Kubernetes, Linux.","Recent graduate familiar with Docker, Kubernetes, Linux. Looking forward to applying this knowledge in a dynamic environment.",1
"We are hiring a Mobile App Developer with experience in Android, Flutter, Swift.","Technical expert with a background in Android, Flutter, Swift. Looking forward to applying this knowledge in a dynamic environment.",1
"We are hiring a Business Analyst with experience in Power BI, Business Strategy, Data Analysis.","Technical expert with a background in Power BI, Business Strategy, Data Analysis. Looking forward to applying this knowledge in a dynamic environment.",1
"We are hiring a Project Manager with experience in Leadership, Planning, Communication.","Technical expert with a background in Leadership, Planning, Communication. Looking forward to applying this knowledge in a dynamic environment.",1
"We are hiring a DevOps Engineer with experience in AWS, Kubernetes, Linux.","Recent graduate familiar with AWS, Kubernetes, Linux. Looking forward to applying this knowledge in a dynamic environment.",1
"We are hiring a Mobile App Developer with experience in Swift, Java, Flutter.","Experienced professional skilled in Swift, Java, Flutter. Looking forward to applying this knowledge in a dynamic environment.",1
"We are hiring a AI Engineer with experience in TensorFlow, PyTorch, Deep Learning.","Experienced professional skilled in TensorFlow, PyTorch, Deep Learning. Looking forward to applying this knowledge in a dynamic environment.",1
"We are hiring a Business Analyst with experience in Data Analysis, Business Strategy, SQL.","Recent graduate familiar with Data Analysis, Business Strategy, SQL. Looking forward to applying this knowledge in a dynamic environment.",1
"We are hiring a Project Manager with experience in Communication, Leadership, Planning.","Experienced professional skilled in Communication, Leadership, Planning. Looking forward to applying this knowledge in a dynamic environment.",1
"We are hiring a Software Engineer with experience in C++, Java, Algorithms.","Recent graduate familiar with C++, Java, Algorithms. Looking forward to applying this knowledge in a dynamic environment.",1
"We are hiring a Digital Marketer with experience in Analytics, SEO, Email Marketing.","Experienced professional skilled in Analytics, SEO, Email Marketing. Looking forward to applying this knowledge in a dynamic environment.",1
"We are hiring a AI Engineer with experience in NLP, PyTorch, TensorFlow.","Certified specialist in NLP, PyTorch, TensorFlow. Looking forward to applying this knowledge in a dynamic environment.",1
"We are hiring a Business Analyst with experience in Excel, Business Strategy, SQL.","Technical expert with a background in Excel, Business Strategy, SQL. Looking forward to applying this knowledge in a dynamic environment.",1
"We are hiring a Business Analyst with experience in SQL, Power BI, Data Analysis.","Certified specialist in SQL, Power BI, Data Analysis. Looking forward to applying this knowledge in a dynamic environment.",1
"We are hiring a Project Manager with experience in Scrum, Leadership, Planning.","Recent graduate familiar with Scrum, Leadership, Planning. Looking forward to applying this knowledge in a dynamic environment.",1
"We are hiring a Data Scientist with experience in Statistics, Python, Machine Learning.","Certified specialist in Statistics, Python, Machine Learning. Looking forward to applying this knowledge in a dynamic environment.",1
"We are hiring a Mobile App Developer with experience in Android, Java, Kotlin.","Recent graduate familiar with Android, Java, Kotlin. Looking forward to applying this knowledge in a dynamic environment.",1
"We are hiring a Digital Marketer with experience in Content Writing, SEO, Email Marketing.","Experienced professional skilled in Content Writing, SEO, Email Marketing. Looking forward to applying this knowledge in a dynamic environment.",1
"We are hiring a Cybersecurity Analyst with experience in Penetration Testing, Firewalls, Network Security.","Technical expert with a background in Penetration Testing, Firewalls, Network Security. Looking forward to applying this knowledge in a dynamic environment.",1
"We are hiring a Data Scientist with experience in Scikit-learn, Statistics, Machine Learning.","Certified specialist in Scikit-learn, Statistics, Machine Learning. Looking forward to applying this knowledge in a dynamic environment.",1
"We are hiring a Business Analyst with experience in Power BI, Data Analysis, Business Strategy.","Recent graduate familiar with Power BI, Data Analysis, Business Strategy. Looking forward to applying this knowledge in a dynamic environment.",1
"We are hiring a Digital Marketer with experience in Content Writing, Email Marketing, Analytics.","Technical expert with a background in Content Writing, Email Marketing, Analytics. Looking forward to applying this knowledge in a dynamic environment.",1
"We are hiring a AI Engineer with experience in NLP, Computer Vision, PyTorch.","Experienced professional skilled in NLP, Computer Vision, PyTorch. Looking forward to applying this knowledge in a dynamic environment.",1
"We are hiring a Cybersecurity Analyst with experience in Firewalls, Encryption, Penetration Testing.","Technical expert with a background in Firewalls, Encryption, Penetration Testing. Looking forward to applying this knowledge in a dynamic environment.",1
"We are hiring a Data Scientist with experience in Machine Learning, Pandas, Scikit-learn.","Recent graduate familiar with Machine Learning, Pandas, Scikit-learn. Looking forward to applying this knowledge in a dynamic environment.",1
"We are hiring a Business Analyst with experience in Excel, Business Strategy, SQL.","Certified specialist in Excel, Business Strategy, SQL. Looking forward to applying this knowledge in a dynamic environment.",1
"We are hiring a Cybersecurity Analyst with experience in Network Security, Encryption, SIEM.","Certified specialist in Network Security, Encryption, SIEM. Looking forward to applying this knowledge in a dynamic environment.",1
"We are hiring a Mobile App Developer with experience in Android, Java, Flutter.","Recent graduate familiar with Android, Java, Flutter. Looking forward to applying this knowledge in a dynamic environment.",1
"We are hiring a Web Developer with experience in HTML, Node.js, JavaScript.","Technical expert with a background in HTML, Node.js, JavaScript. Looking forward to applying this knowledge in a dynamic environment.",1
"We are hiring a Mobile App Developer with experience in Flutter, Android, Kotlin.","Certified specialist in Flutter, Android, Kotlin. Looking forward to applying this knowledge in a dynamic environment.",1
